{"cameraMode":{"drawMode":0,"name":"Shaded","section":"Shading Mode"},"sceneLighting":true,"audioPlay":false,"sceneViewState":{"m_AlwaysRefresh":false,"showFog":true,"showSkybox":true,"showFlares":true,"showImageEffects":true,"showParticleSystems":true,"showVisualEffectGraphs":true,"m_FxEnabled":true},"in2DMode":false,"pivot":{"x":1.1295849084854127,"y":2.456847667694092,"z":1.3410509824752808},"rotation":{"x":-0.006299521308392286,"y":0.7999637722969055,"z":-0.5999712944030762,"w":-0.008399862796068192},"size":1.912855863571167,"orthographic":true}