{"cameraMode":{"drawMode":0,"name":"Shaded","section":"Shading Mode"},"sceneLighting":true,"audioPlay":false,"sceneViewState":{"m_AlwaysRefresh":false,"showFog":true,"showSkybox":true,"showFlares":true,"showImageEffects":true,"showParticleSystems":true,"showVisualEffectGraphs":true,"m_FxEnabled":true},"in2DMode":false,"pivot":{"x":-0.32458025217056277,"y":-0.4160498082637787,"z":-0.3265669345855713},"rotation":{"x":0.04093990474939346,"y":0.870678186416626,"z":-0.4846217632293701,"w":0.0735737606883049},"size":2.4246037006378176,"orthographic":true}