{"cameraMode":{"drawMode":0,"name":"Shaded","section":"Shading Mode"},"sceneLighting":true,"audioPlay":false,"sceneViewState":{"m_AlwaysRefresh":false,"showFog":true,"showSkybox":true,"showFlares":true,"showImageEffects":true,"showParticleSystems":true,"showVisualEffectGraphs":true,"m_FxEnabled":true},"in2DMode":false,"pivot":{"x":0.00982985831797123,"y":0.14858335256576539,"z":0.24339522421360017},"rotation":{"x":0.010180802084505558,"y":0.9896914958953857,"z":-0.10880596935749054,"w":0.0926026776432991},"size":3.542027473449707,"orthographic":true}