{"cameraMode":{"drawMode":0,"name":"Shaded","section":"Shading Mode"},"sceneLighting":true,"audioPlay":false,"sceneViewState":{"m_AlwaysRefresh":false,"showFog":true,"showSkybox":true,"showFlares":true,"showImageEffects":true,"showParticleSystems":true,"showVisualEffectGraphs":true,"m_FxEnabled":true},"in2DMode":false,"pivot":{"x":0.04325328767299652,"y":1.5336909294128419,"z":0.6108448505401611},"rotation":{"x":0.05498801916837692,"y":0.8760775923728943,"z":-0.10297271609306336,"w":0.4678521752357483},"size":3.2910122871398927,"orthographic":true}