{"cameraMode":{"drawMode":0,"name":"Shaded","section":"Shading Mode"},"sceneLighting":true,"audioPlay":false,"sceneViewState":{"m_AlwaysRefresh":false,"showFog":true,"showSkybox":true,"showFlares":true,"showImageEffects":true,"showParticleSystems":true,"showVisualEffectGraphs":true,"m_FxEnabled":true},"in2DMode":false,"pivot":{"x":0.6556703448295593,"y":0.11286160349845886,"z":0.10144104063510895},"rotation":{"x":-0.05356134474277496,"y":0.9464445114135742,"z":-0.22199822962284089,"w":-0.2283041924238205},"size":2.220444440841675,"orthographic":true}