{"cameraMode":{"drawMode":0,"name":"Shaded","section":"Shading Mode"},"sceneLighting":true,"audioPlay":false,"sceneViewState":{"m_AlwaysRefresh":false,"showFog":true,"showSkybox":true,"showFlares":true,"showImageEffects":true,"showParticleSystems":true,"showVisualEffectGraphs":true,"m_FxEnabled":true},"in2DMode":false,"pivot":{"x":-0.6693306565284729,"y":0.2949923872947693,"z":1.6941169500350953},"rotation":{"x":0.11498566716909409,"y":0.8622257113456726,"z":-0.22614240646362306,"w":0.43841350078582766},"size":3.175961494445801,"orthographic":true}