{"cameraMode":{"drawMode":0,"name":"Shaded","section":"Shading Mode"},"sceneLighting":true,"audioPlay":false,"sceneViewState":{"m_AlwaysRefresh":false,"showFog":true,"showSkybox":true,"showFlares":true,"showImageEffects":true,"showParticleSystems":true,"showVisualEffectGraphs":true,"m_FxEnabled":true},"in2DMode":false,"pivot":{"x":-4.202981472015381,"y":0.9951896667480469,"z":-0.8871557116508484},"rotation":{"x":0.24945072829723359,"y":0.36081957817077639,"z":-0.10079293698072434,"w":0.8929893374443054},"size":5.10907506942749,"orthographic":true}