{"cameraMode":{"drawMode":0,"name":"Shaded","section":"Shading Mode"},"sceneLighting":true,"audioPlay":false,"sceneViewState":{"m_AlwaysRefresh":false,"showFog":true,"showSkybox":true,"showFlares":true,"showImageEffects":true,"showParticleSystems":true,"showVisualEffectGraphs":true,"m_FxEnabled":true},"in2DMode":false,"pivot":{"x":0.04127228260040283,"y":1.5297753810882569,"z":-0.5435326099395752},"rotation":{"x":0.24730685353279115,"y":0.3610604405403137,"z":-0.0999266728758812,"w":0.8935854434967041},"size":2.9312820434570314,"orthographic":true}