{"cameraMode":{"drawMode":0,"name":"Shaded","section":"Shading Mode"},"sceneLighting":true,"audioPlay":false,"sceneViewState":{"m_AlwaysRefresh":false,"showFog":true,"showSkybox":true,"showFlares":true,"showImageEffects":true,"showParticleSystems":true,"showVisualEffectGraphs":true,"m_FxEnabled":true},"in2DMode":false,"pivot":{"x":-0.20822452008724214,"y":0.36821359395980837,"z":0.2067837119102478},"rotation":{"x":0.033676788210868838,"y":0.9102075695991516,"z":-0.4058171510696411,"w":0.07553410530090332},"size":3.908838987350464,"orthographic":true}