{"cameraMode":{"drawMode":0,"name":"Shaded","section":"Shading Mode"},"sceneLighting":true,"audioPlay":false,"sceneViewState":{"m_AlwaysRefresh":false,"showFog":true,"showSkybox":true,"showFlares":true,"showImageEffects":true,"showParticleSystems":true,"showVisualEffectGraphs":true,"m_FxEnabled":true},"in2DMode":false,"pivot":{"x":1.4174904823303223,"y":-0.9577639102935791,"z":1.0465426445007325},"rotation":{"x":0.019110649824142457,"y":0.9055817127227783,"z":-0.42180147767066958,"w":0.04105013981461525},"size":2.1828908920288088,"orthographic":true}