{"cameraMode":{"drawMode":0,"name":"Shaded","section":"Shading Mode"},"sceneLighting":true,"audioPlay":false,"sceneViewState":{"m_AlwaysRefresh":false,"showFog":true,"showSkybox":true,"showFlares":true,"showImageEffects":true,"showParticleSystems":true,"showVisualEffectGraphs":true,"m_FxEnabled":true},"in2DMode":false,"pivot":{"x":3.1999588012695314,"y":1.5435994863510132,"z":-0.2787482738494873},"rotation":{"x":0.06062757223844528,"y":-0.7182080149650574,"z":0.06307534128427506,"w":0.6903126239776611},"size":1.4692922830581666,"orthographic":true}