{"cameraMode":{"drawMode":0,"name":"Shaded","section":"Shading Mode"},"sceneLighting":true,"audioPlay":false,"sceneViewState":{"m_AlwaysRefresh":false,"showFog":true,"showSkybox":true,"showFlares":true,"showImageEffects":true,"showParticleSystems":true,"showVisualEffectGraphs":true,"m_FxEnabled":true},"in2DMode":false,"pivot":{"x":-2.384185791015625e-7,"y":2.383665084838867,"z":0.07780396938323975},"rotation":{"x":0.11473770439624787,"y":0.8819669485092163,"z":-0.2800895869731903,"w":0.36129695177078249},"size":4.9240946769714359,"orthographic":true}