{"cameraMode":{"drawMode":0,"name":"Shaded","section":"Shading Mode"},"sceneLighting":true,"audioPlay":false,"sceneViewState":{"m_AlwaysRefresh":false,"showFog":true,"showSkybox":true,"showFlares":true,"showImageEffects":true,"showParticleSystems":true,"showVisualEffectGraphs":true,"m_FxEnabled":true},"in2DMode":false,"pivot":{"x":1.5011128187179566,"y":-1.6243493556976319,"z":-0.08888362348079682},"rotation":{"x":0.04435166344046593,"y":0.9335591793060303,"z":-0.3332807421684265,"w":0.12423136830329895},"size":1.8588179349899293,"orthographic":true}