{"cameraMode":{"drawMode":0,"name":"Shaded","section":"Shading Mode"},"sceneLighting":true,"audioPlay":false,"sceneViewState":{"m_AlwaysRefresh":false,"showFog":true,"showSkybox":true,"showFlares":true,"showImageEffects":true,"showParticleSystems":true,"showVisualEffectGraphs":true,"m_FxEnabled":true},"in2DMode":false,"pivot":{"x":-1.0911952257156373,"y":0.009998383931815625,"z":-0.23668137192726136},"rotation":{"x":0.04273306205868721,"y":0.9109039902687073,"z":-0.398617684841156,"w":0.09765292704105377},"size":3.7937633991241457,"orthographic":true}