{"cameraMode":{"drawMode":0,"name":"Shaded","section":"Shading Mode"},"sceneLighting":true,"audioPlay":false,"sceneViewState":{"m_AlwaysRefresh":false,"showFog":true,"showSkybox":true,"showFlares":true,"showImageEffects":true,"showParticleSystems":true,"showVisualEffectGraphs":true,"m_FxEnabled":true},"in2DMode":false,"pivot":{"x":2.7712433338165285,"y":-1.2366135120391846,"z":-1.355059027671814},"rotation":{"x":0.07188024371862412,"y":0.9128115177154541,"z":-0.35772639513015749,"w":0.18341752886772157},"size":4.402036666870117,"orthographic":true}