{"cameraMode":{"drawMode":0,"name":"Shaded","section":"Shading Mode"},"sceneLighting":true,"audioPlay":false,"sceneViewState":{"m_AlwaysRefresh":false,"showFog":true,"showSkybox":true,"showFlares":true,"showImageEffects":true,"showParticleSystems":true,"showVisualEffectGraphs":true,"m_FxEnabled":true},"in2DMode":false,"pivot":{"x":-0.0408831387758255,"y":-0.030136125162243844,"z":0.7446295022964478},"rotation":{"x":0.08712184429168701,"y":0.860663115978241,"z":-0.47634729743003847,"w":0.15741406381130219},"size":4.550902366638184,"orthographic":true}