{"cameraMode":{"drawMode":0,"name":"Shaded","section":"Shading Mode"},"sceneLighting":true,"audioPlay":false,"sceneViewState":{"m_AlwaysRefresh":false,"showFog":true,"showSkybox":true,"showFlares":true,"showImageEffects":true,"showParticleSystems":true,"showVisualEffectGraphs":true,"m_FxEnabled":true},"in2DMode":false,"pivot":{"x":0.9913291931152344,"y":-0.5283272862434387,"z":1.1044107675552369},"rotation":{"x":0.14969873428344727,"y":0.7160756587982178,"z":-0.662293016910553,"w":0.16185572743415833},"size":3.647448778152466,"orthographic":true}