{"cameraMode":{"drawMode":0,"name":"Shaded","section":"Shading Mode"},"sceneLighting":true,"audioPlay":false,"sceneViewState":{"m_AlwaysRefresh":false,"showFog":true,"showSkybox":true,"showFlares":true,"showImageEffects":true,"showParticleSystems":true,"showVisualEffectGraphs":true,"m_FxEnabled":true},"in2DMode":false,"pivot":{"x":-0.1724095642566681,"y":2.6511471271514894,"z":5.005197048187256},"rotation":{"x":-0.005154763348400593,"y":0.9845402240753174,"z":-0.17089281976222993,"w":-0.018554281443357469},"size":3.714893341064453,"orthographic":true}