{"cameraMode":{"drawMode":0,"name":"Shaded","section":"Shading Mode"},"sceneLighting":true,"audioPlay":false,"sceneViewState":{"m_AlwaysRefresh":false,"showFog":true,"showSkybox":true,"showFlares":true,"showImageEffects":true,"showParticleSystems":true,"showVisualEffectGraphs":true,"m_FxEnabled":true},"in2DMode":false,"pivot":{"x":-2.384185791015625e-7,"y":0.009999431669712067,"z":1.1920928955078126e-7},"rotation":{"x":0.013106858357787133,"y":0.9826958775520325,"z":-0.1681811809539795,"w":0.07660536468029022},"size":5.002477169036865,"orthographic":true}