{"cameraMode":{"drawMode":0,"name":"Shaded","section":"Shading Mode"},"sceneLighting":true,"audioPlay":false,"sceneViewState":{"m_AlwaysRefresh":false,"showFog":true,"showSkybox":true,"showFlares":true,"showImageEffects":true,"showParticleSystems":true,"showVisualEffectGraphs":true,"m_FxEnabled":true},"in2DMode":false,"pivot":{"x":-0.7391433119773865,"y":-0.10253690183162689,"z":-0.16936518251895905},"rotation":{"x":0.06395327299833298,"y":0.9207412004470825,"z":-0.34499335289001467,"w":0.17068377137184144},"size":3.0865719318389894,"orthographic":true}