{"cameraMode":{"drawMode":0,"name":"Shaded","section":"Shading Mode"},"sceneLighting":true,"audioPlay":false,"sceneViewState":{"m_AlwaysRefresh":false,"showFog":true,"showSkybox":true,"showFlares":true,"showImageEffects":true,"showParticleSystems":true,"showVisualEffectGraphs":true,"m_FxEnabled":true},"in2DMode":false,"pivot":{"x":1.5792880058288575,"y":0.6608750224113464,"z":-0.9745274782180786},"rotation":{"x":0.24730685353279115,"y":0.3610604405403137,"z":-0.0999266728758812,"w":0.8935854434967041},"size":1.8719948530197144,"orthographic":true}