{"cameraMode":{"drawMode":0,"name":"Shaded","section":"Shading Mode"},"sceneLighting":true,"audioPlay":false,"sceneViewState":{"m_AlwaysRefresh":false,"showFog":true,"showSkybox":true,"showFlares":true,"showImageEffects":true,"showParticleSystems":true,"showVisualEffectGraphs":true,"m_FxEnabled":true},"in2DMode":false,"pivot":{"x":-0.21566790342330934,"y":1.6464430093765259,"z":1.7630547285079957},"rotation":{"x":-0.0071394178085029129,"y":-0.9836321473121643,"z":0.17897041141986848,"w":-0.03594756871461868},"size":4.364115238189697,"orthographic":true}