{"cameraMode":{"drawMode":0,"name":"Shaded","section":"Shading Mode"},"sceneLighting":true,"audioPlay":false,"sceneViewState":{"m_AlwaysRefresh":false,"showFog":true,"showSkybox":true,"showFlares":true,"showImageEffects":true,"showParticleSystems":true,"showVisualEffectGraphs":true,"m_FxEnabled":true},"in2DMode":false,"pivot":{"x":13.386690139770508,"y":-6.2550506591796879,"z":4.6397786140441898},"rotation":{"x":0.2119646519422531,"y":0.6909545063972473,"z":-0.22400081157684327,"w":0.6538263559341431},"size":11.443342208862305,"orthographic":false}