{"cameraMode":{"drawMode":0,"name":"Shaded","section":"Shading Mode"},"sceneLighting":true,"audioPlay":false,"sceneViewState":{"m_AlwaysRefresh":false,"showFog":true,"showSkybox":true,"showFlares":true,"showImageEffects":true,"showParticleSystems":true,"showVisualEffectGraphs":true,"m_FxEnabled":true},"in2DMode":false,"pivot":{"x":4.343253135681152,"y":0.47892463207244875,"z":0.5842992663383484},"rotation":{"x":-0.12971599400043488,"y":-0.8284986019134522,"z":0.2146420180797577,"w":-0.5006920099258423},"size":3.4023125171661379,"orthographic":true}