{"cameraMode":{"drawMode":0,"name":"Shaded","section":"Shading Mode"},"sceneLighting":true,"audioPlay":false,"sceneViewState":{"m_AlwaysRefresh":false,"showFog":true,"showSkybox":true,"showFlares":true,"showImageEffects":true,"showParticleSystems":true,"showVisualEffectGraphs":true,"m_FxEnabled":true},"in2DMode":false,"pivot":{"x":849.6156616210938,"y":497.7397155761719,"z":215.99851989746095},"rotation":{"x":0.16711436212062837,"y":0.034499697387218478,"z":-0.005857632029801607,"w":0.9853551983833313},"size":653.5578002929688,"orthographic":true}