{"cameraMode":{"drawMode":0,"name":"Shaded","section":"Shading Mode"},"sceneLighting":true,"audioPlay":false,"sceneViewState":{"m_AlwaysRefresh":false,"showFog":true,"showSkybox":true,"showFlares":true,"showImageEffects":true,"showParticleSystems":true,"showVisualEffectGraphs":true,"m_FxEnabled":true},"in2DMode":false,"pivot":{"x":0.2205921858549118,"y":-0.3499504327774048,"z":-0.2533944547176361},"rotation":{"x":0.027999313548207284,"y":0.8708792328834534,"z":-0.4881625473499298,"w":0.049953658133745196},"size":4.598598480224609,"orthographic":true}