{"cameraMode":{"drawMode":0,"name":"Shaded","section":"Shading Mode"},"sceneLighting":true,"audioPlay":false,"sceneViewState":{"m_AlwaysRefresh":false,"showFog":true,"showSkybox":true,"showFlares":true,"showImageEffects":true,"showParticleSystems":true,"showVisualEffectGraphs":true,"m_FxEnabled":true},"in2DMode":false,"pivot":{"x":4.780925273895264,"y":-0.9847469925880432,"z":1.7287484407424927},"rotation":{"x":0.16988857090473176,"y":0.5046930909156799,"z":-0.10204394161701203,"w":0.8402441143989563},"size":4.7147111892700199,"orthographic":true}