{"cameraMode":{"drawMode":0,"name":"Shaded","section":"Shading Mode"},"sceneLighting":true,"audioPlay":false,"sceneViewState":{"m_AlwaysRefresh":false,"showFog":true,"showSkybox":true,"showFlares":true,"showImageEffects":true,"showParticleSystems":true,"showVisualEffectGraphs":true,"m_FxEnabled":true},"in2DMode":false,"pivot":{"x":0.07464933395385742,"y":0.6733157634735107,"z":-0.31033796072006228},"rotation":{"x":0.061907317489385608,"y":-0.9356316328048706,"z":0.27449941635131838,"w":0.216934472322464},"size":3.837688684463501,"orthographic":true}